{"cameraMode":{"drawMode":0,"name":"Shaded","section":"Shading Mode"},"sceneLighting":true,"audioPlay":false,"sceneViewState":{"showFog":true,"showMaterialUpdate":false,"showSkybox":true,"showFlares":true,"showImageEffects":true,"showParticleSystems":true},"in2DMode":false,"pivot":{"x":391.8381042480469,"y":209.84893798828126,"z":57.0870361328125},"rotation":{"x":-0.23915718495845796,"y":-0.004369144327938557,"z":0.0010764762992039323,"w":-0.9709704518318176},"size":1014.5635375976563,"orthographic":true}